Employee_ID,Name,Age,Department,Salary,Experience(in Years)
1,Cthrine Sweeting,41,Sales,23590,6
2,Madeline Schwandermann,25,Training,25327,8
3,Seka Rampage,60,Training,66788,14
4,Kit Dionsetto,38,Accounting,94488,10
5,Brook Friedank,69,Support,82279,11
6,Franklyn Ferrone,49,Training,43973,4
7,Kelley Planque,32,Services,40723,2
8,Charlot Ughini,70,Engineering,78661,2
9,Saraann Bird,28,Sales,25935,8
10,Gnni Boskell,55,Human Resources,90852,10
11,Hunter Oakey,33,Training,88305,7
12,Dani Rowet,68,Training,32768,3
13,Suzann Tabbernor,68,Legal,94555,4
14,Paxon Voce,39,Business Development,59596,7
15,Louis Braybrooks,32,Human Resources,61965,9
16,Ase Sackett,28,Engineering,24502,9
17,Aurlie Bohje,63,Human Resources,88903,6
18,Kaia Longland,29,Marketing,84379,9
19,Raffarty Abby,36,Marketing,63455,8
20,Derron Ryman,46,Product Management,35905,15
21,Clay Dewane,49,Accounting,82123,9
22,Sinclair McCerery,64,Product Management,26292,7
23,Annabela Parker,52,Research and Development,50611,15
24,Boigie Straffon,50,Legal,38055,15
25,Patrice Bloore,35,Services,36055,15
26,Curry Pywell,50,Human Resources,58517,11
27,Zack Romanetti,52,Marketing,60267,15
28,Kylynn Estcourt,40,Engineering,90126,15
29,Nikkie Newbury,30,Marketing,62995,5
30,Viviene Stanesby,34,Sales,74023,8
31,Hilary Eingerfield,51,Product Management,78216,10
32,Emalia Malenoir,42,Research and Development,22782,15
33,Parker Brilon,44,Accounting,41280,8
34,Carmine de Voiels,68,Services,62109,10
35,Delano Pie,54,Marketing,37704,7
36,Aland Shepheard,68,Marketing,67700,13
37,Ruperto Henstone,26,Human Resources,85229,11
38,Hastings Kohnemann,29,Accounting,71202,2
39,Suellen Eglaise,45,Legal,30306,2
40,Eal Matcham,54,Accounting,68844,13
41,Karylin Wiggett,64,Marketing,74073,14
42,Raffaello Jonah,59,Accounting,49232,3
43,Alley Roizn,31,Marketing,47598,5
44,Moria Truwert,65,Research and Development,81645,14
45,Myra Kraft,41,Marketing,80042,12
46,Jaye Larkby,36,Support,98589,11
47,Juliann Ridger,67,Sales,35690,10
48,Clo Hucks,61,Human Resources,99807,2
49,Jeno Gyenes,60,Services,59745,2
50,Gerianna Murr,43,Human Resources,26670,4
51,Buddie Siward,69,Business Development,54107,15
52,Henrietta Wilcox,38,Legal,36878,8
53,Jacklyn Kean,36,Human Resources,77712,13
54,Thebault Redmond,31,Marketing,82905,11
55,Gar Lappine,53,Research and Development,47317,8
56,Merle Normanell,48,Services,94600,1
57,Lilas Glazyer,42,Services,74415,13
58,Sofia Nulty,50,Research and Development,51509,3
59,Galvin Olivia,46,Services,42935,10
60,Lauri Lamerton,24,Engineering,30631,10
61,Laurette Firminger,22,Services,94707,12
62,Otis Kinrade,40,Legal,81106,11
63,Moishe Perel,36,Engineering,75756,2
64,Artemis Rosenqvist,56,Support,91926,7
65,Logan Spyby,57,Product Management,70101,11
66,Jenelle Crocombe,35,Research and Development,41866,2
67,Meier Brame,32,Research and Development,61615,13
68,Norina Murphey,42,Engineering,78644,15
69,Bettina Coare,65,Services,46277,5
70,Kamilah Roos,29,Business Development,52394,4
71,Jard Pedersen,68,Human Resources,30098,3
72,Rabbi Billam,38,Accounting,39999,2
73,Elvira Andreazzi,57,Services,96236,14
74,Hugues Paxman,65,Research and Development,83308,5
75,Freemon Riddich,25,Human Resources,76620,6
76,Sileas Cotherill,42,Services,47504,4
77,Venita Eustanch,59,Training,27732,3
78,Mandy Kier,28,Support,55543,14
79,Felita Streader,38,Services,87043,12
80,Stevena Spaight,31,Human Resources,90242,8
81,April Arnoll,36,Accounting,95320,11
82,Hobie Dimont,23,Marketing,58196,7
83,Mae Hattiff,21,Business Development,31341,3
84,Marcellina O'Hegertie,58,Sales,64474,13
85,Orin Seamer,27,Research and Development,34233,9
86,Noel Corwood,65,Accounting,81182,5
87,Cointon Switland,42,Services,69244,11
88,Lamond Frankel,70,Product Management,77819,7
89,Christa Eburne,23,Business Development,76540,13
90,Rem Lambarth,67,Business Development,60842,6
91,Clementine Whitmore,25,Business Development,28497,12
92,Pamella Gobel,61,Product Management,49103,12
93,Mar Sutherland,62,Accounting,28886,10
94,Tildie Colthurst,21,Engineering,85219,15
95,Annadiane Holbury,28,Marketing,47785,5
96,Laural Renols,47,Services,87580,11
97,Melicent De la Yglesias,41,Research and Development,77379,9
98,Leda Bloore,53,Sales,94514,12
99,Golda Cotman,31,Business Development,42134,13
100,Olwen Osmint,38,Human Resources,37809,12
